"","x"
"1","Date"
"2","Hour"
"3","Consumption"
"4","Month"
"5","Day_of_Month"
"6","TWeekDay"
"7","annelergunu"
"8","annelergunu_lag7"
"9","arife"
"10","arife_lag1"
"11","babalargunu_lag7"
"12","elections"
"13","examination"
"14","examination_lag7"
"15","holiday"
"16","holiday_lag1"
"17","kurbanbayrami"
"18","kurbanbayrami_lag1"
"19","kurbanbayramilkgun"
"20","kurbanbayramilkgun_lag1"
"21","kurbanoncesigunler"
"22","kurbanoncesigunler_lag1"
"23","kurbanoncesigunler_lag7"
"24","ramazanbayrami"
"25","ramazanbayrami_lag1"
"26","ramazanbayramilkgun"
"27","ramazanbayramilkgun_lag1"
"28","ramazanbayramisonrasi_lag7"
"29","ramazangunler"
"30","ramazangunler_lag1"
"31","ramazangunler_lag7"
"32","ramazanoncesigunler"
"33","ramazanoncesigunler_lag1"
"34","ramazanoncesigunler_lag7"
"35","semester"
"36","semester_lag1"
"37","single_day_holidays"
"38","single_day_holidays_lag1"
"39","summerTimes"
"40","uzunbayram"
"41","uzunbayram_lag1"
"42","uzunbayram_lag7"
"43","yilbasi"
"44","T_36.2932.29"
"45","T_36.9735.29"
"46","T_37.9732.54"
"47","T_38.31927.159"
"48","T_39.7830.57"
"49","T_40.1132.97"
"50","T_40.9728.82"
"51","day_number"
