"","x"
"1","Hour"
"2","Month"
"3","Day_of_Month"
"4","TWeekDay"
"5","annelergunu"
"6","annelergunu_lag7"
"7","arife"
"8","arife_lag1"
"9","arife_lag7"
"10","babalargunu"
"11","babalargunu_lag7"
"12","cocukbayrami"
"13","cocukbayrami_lag1"
"14","cocukbayrami_lag7"
"15","cumhuriyet"
"16","cumhuriyet_lag1"
"17","elections"
"18","elections_lag1"
"19","elections_lag7"
"20","examination"
"21","examination_lag7"
"22","genclikbayrami"
"23","genclikbayrami_lag1"
"24","holiday"
"25","holiday_lag1"
"26","holiday_lag7"
"27","iscibayrami"
"28","iscibayrami_lag7"
"29","kandil_lag7"
"30","kurbanbayrami"
"31","kurbanbayrami_lag1"
"32","kurbanbayrami_lag7"
"33","kurbanbayramilkgun"
"34","kurbanbayramilkgun_lag1"
"35","kurbanbayramilkgun_lag7"
"36","kurbanoncesigunler"
"37","kurbanoncesigunler_lag1"
"38","kurbanoncesigunler_lag7"
"39","okulkapanisi"
"40","okulkapanisi_lag1"
"41","okulkapanisi_lag7"
"42","onbestemmuz"
"43","onbestemmuz_lag1"
"44","onbestemmuz_lag7"
"45","outlierdays"
"46","outlierdays_lag1"
"47","ramazanbayrami"
"48","ramazanbayrami_lag1"
"49","ramazanbayrami_lag7"
"50","ramazanbayramilkgun"
"51","ramazanbayramilkgun_lag1"
"52","ramazanbayramisonrasi"
"53","ramazanbayramisonrasi_lag1"
"54","ramazanbayramisonrasi_lag7"
"55","ramazangunler"
"56","ramazangunler_lag1"
"57","ramazangunler_lag7"
"58","ramazanilkgun_lag1"
"59","ramazanoncesigunler"
"60","ramazanoncesigunler_lag1"
"61","ramazanoncesigunler_lag7"
"62","semester"
"63","semester_lag1"
"64","sevgililergunu"
"65","sevgililergunu_lag7"
"66","single_day_holidays"
"67","single_day_holidays_lag1"
"68","single_day_holidays_lag7"
"69","summerTimes"
"70","summerTimes_lag7"
"71","uzunbayram"
"72","uzunbayram_lag1"
"73","uzunbayram_lag7"
"74","winterTimes"
"75","winterTimes_lag7"
"76","yilbasi"
"77","yilbasi_lag1"
"78","yilbasi_lag7"
"79","yilbasioncesi_lag1"
"80","yilbasioncesi_lag7"
"81","zaferbayrami"
"82","zaferbayrami_lag1"
"83","zaferbayrami_lag7"
"84","T_36.2932.29"
"85","T_36.9735.29"
"86","T_37.9732.54"
"87","T_38.31927.159"
"88","T_39.7830.57"
"89","T_40.1132.97"
"90","T_40.9728.82"
"91","day_number"
"92","xhr"
"93","yhr"
